kategorie,deutsch,englisch,lautschrift-en,kroatisch,lautschrift-hr
Artikel,ein/eine,a,,,
Adjektiv (100 allg.),fähig,able,,sposoban,[sposoban]
Partikel / Präposition,ungefähr,about,,oko,[oko]
Substantiv (400 Dinge),Konto,account,,račun,[ratstschun]
Adjektiv (100 allg.),Säure,acid,,kiselina,[kiselina]
Partikel / Präposition,quer,across,,poprijeko,[poprijeko]
Substantiv (400 Dinge),handeln,act,,djelovati,[djelovati]
Substantiv (400 Dinge),Ergänzung,addition,,dodatak,[dodatak]
Substantiv (400 Dinge),Anpassung,adjustment,,prilagođavanje,[prilagodstschavanje]
Substantiv (400 Dinge),Werbung,advertisement,,reklama,[reklama]
Partikel / Präposition,danach,after,,poslije,[poslije]
Partikel / Präposition,wieder,again,,ponovo,[ponovo]
Partikel / Präposition,dagegen,against,,protiv,[protiv]
Substantiv (400 Dinge),Vereinbarung,agreement,,sporazum,[sporazum]
Substantiv (400 Dinge),Luft,air,,zraka,[zraka]
Partikel / Präposition,alle,all,,sve,[sve]
Partikel / Präposition,fast,almost,,gotovo,[gotovo]
Partikel / Präposition,unter,among,,među,[medstschu]
Substantiv (400 Dinge),Menge,amount,,iznos,[iznos]
Substantiv (400 Dinge),Unterhaltung,amusement,,zabava,[zabava]
Partikel / Präposition,und,and,,i,[i]
Substantiv (400 Dinge),Wut,anger,,bijes,[bijes]
Substantiv (200 bildh.),Winkel,angle,,kut,[kut]
Adjektiv (100 allg.),wütend,angry,,ljuta,[ljuta]
Substantiv (400 Dinge),Tier,animal,,životinja,[schivotinja]
Substantiv (400 Dinge),Antwort,answer,,odgovoriti,[odgovoriti]
Substantiv (200 bildh.),Ameise,ant,,mrav,[mrav]
Partikel / Präposition,irgendein,any,,bilo koji,[bilo koji]
Substantiv (400 Dinge),Apparat,apparatus,,aparata,[aparata]
Substantiv (200 bildh.),Apfel,apple,,jabuka,[jabuka]
Substantiv (400 Dinge),Zustimmung,approval,,odobrenje,[odobrenje]
Substantiv (200 bildh.),Bogen,arch,,arh,[arch]
Substantiv (400 Dinge),Argument,argument,,argument,[argument]
Substantiv (200 bildh.),Arm,arm,,ruku,[ruku]
Substantiv (200 bildh.),Armee,army,,vojska,[vojska]
Substantiv (400 Dinge),Kunst,art,,umjetnost,[umjetnost]
Substantiv (400 Dinge),Artikel,article,,članak,[tstschlanak]
Partikel / Präposition,als,as,,kao,[kao]
Partikel / Präposition,bei,at,,na,[na]
Substantiv (400 Dinge),Angriff,attack,,napadnuti,[napadnuti]
Substantiv (400 Dinge),Versuch,attempt,,pokušaj,[pokustschaj]
Substantiv (400 Dinge),Aufmerksamkeit,attention,,pozornost,[pozornost]
Substantiv (400 Dinge),Attraktion,attraction,,privlačnost,[privlatstschnost]
Substantiv (400 Dinge),Autorität,authority,,vlast,[vlast]
Adjektiv (100 allg.),automatisch,automatic,,automatski,[automatski]
Adjektiv (50 Gegensätze),wach,awake,,budan,[budan]
Substantiv (200 bildh.),Baby,baby,,dijete,[dijete]
Substantiv (400 Dinge),zurück,back,,natrag,[natrag]
Adjektiv (50 Gegensätze),schlecht,bad,,loše,[lostsche]
Substantiv (200 bildh.),Tasche,bag,,vrećica,[vretstschitsa]
Substantiv (400 Dinge),Gleichgewicht,balance,,ravnoteža,[ravnotescha]
Substantiv (200 bildh.),Kugel,ball,,lopta,[lopta]
Substantiv (200 bildh.),Band,band,,bend,[bend]
Substantiv (400 Dinge),Basis,base,,bazu,[bazu]
Substantiv (200 bildh.),Becken,basin,,umivaonik,[umivaonik]
Substantiv (200 bildh.),Korb,basket,,košarica,[kostscharitsa]
Substantiv (200 bildh.),Bad,bath,,kupka,[kupka]
Verb,sein,be,,biti,[biti]
Adjektiv (100 allg.),schön,beautiful,,lijepa,[lijepa]
Partikel / Präposition,weil,because,,jer,[jer]
Substantiv (200 bildh.),Bett,bed,,krevet,[krevet]
Substantiv (200 bildh.),Biene,bee,,pčela,[ptstschela]
Substantiv (200 bildh.),Käfer,beetle,,buba,[buba]
Partikel / Präposition,vor,before,,prije,[prije]
Substantiv (400 Dinge),Verhalten,behaviour,,ponašanje,[ponastschanje]
Substantiv (400 Dinge),Glaube,belief,,vjerovanje,[vjerovanje]
Substantiv (200 bildh.),Glocke,bell,,zvono,[zvono]
Adjektiv (50 Gegensätze),gebogen,bent,,savijena,[savijena]
Substantiv (200 bildh.),Beere,berry,,bobičasto voće,[bobitstschasto votstsche]
Partikel / Präposition,dazwischen,between,,između,[izmedstschu]
Substantiv (200 bildh.),Vogel,bird,,ptica,[ptitsa]
Substantiv (400 Dinge),Geburt,birth,,rođenje,[rodstschenje]
Substantiv (400 Dinge),bisschen,bit,,malo,[malo]
Substantiv (400 Dinge),beißen,bite,,zalogaj,[zalogaj]
Adjektiv (50 Gegensätze),bitter,bitter,,gorak,[gorak]
Adjektiv (100 allg.),schwarz,black,,crna,[tsrna]
Substantiv (200 bildh.),Klinge,blade,,oštrica,[ostschtritsa]
Substantiv (400 Dinge),Blut,blood,,krvi,[krvi]
Substantiv (400 Dinge),Schlag,blow,,udarac,[udarats]
Adjektiv (50 Gegensätze),blau,blue,,plava,[plava]
Substantiv (200 bildh.),Brett,board,,ploča,[plotstscha]
Substantiv (200 bildh.),Boot,boat,,čamac,[tstschamats]
Substantiv (400 Dinge),Körper,body,,tijelo,[tijelo]
Verb,kochen,boil,,kuhati,[kuchati]
Adjektiv (100 allg.),kochend,boiling,,kipuće,[kiputstsche]
Substantiv (200 bildh.),Knochen,bone,,kost,[kost]
Substantiv (200 bildh.),Buch,book,,knjiga,[knjiga]
Substantiv (200 bildh.),booten,boot,,čizma,[tstschizma]
Substantiv (200 bildh.),Flasche,bottle,,boca,[botsa]
Substantiv (200 bildh.),Box,box,,okvir,[okvir]
Substantiv (200 bildh.),Junge,boy,,dječak,[djetstschak]
Substantiv (200 bildh.),Gehirn,brain,,mozak,[mozak]
Substantiv (200 bildh.),Bremse,brake,,kočnica,[kotstschnitsa]
Substantiv (200 bildh.),Zweig,branch,,ogranak,[ogranak]
Substantiv (400 Dinge),Messing,brass,,mjed,[mjed]
Substantiv (400 Dinge),Brot,bread,,kruh,[kruch]
Substantiv (400 Dinge),Atem,breath,,dah,[dach]
Substantiv (200 bildh.),Ziegelstein,brick,,opeka,[opeka]
Substantiv (200 bildh.),Brücke,bridge,,most,[most]
Adjektiv (100 allg.),hell,bright,,svijetao,[svijetao]
Adjektiv (100 allg.),kaputt,broken,,slomljena,[slomljena]
Substantiv (400 Dinge),Bruder,brother,,brate,[brate]
Adjektiv (100 allg.),braun,brown,,smeđa,[smedstscha]
Substantiv (200 bildh.),Pinsel,brush,,kist,[kist]
Substantiv (200 bildh.),Eimer,bucket,,kanta,[kanta]
Substantiv (400 Dinge),Gebäude,building,,zgrada,[zgrada]
Substantiv (200 bildh.),Glühbirne,bulb,,žarulja,[scharulja]
Substantiv (400 Dinge),brennen,burn,,spaliti,[spaliti]
Substantiv (400 Dinge),platzen,burst,,puknuti,[puknuti]
Substantiv (400 Dinge),Geschäft,business,,poslovanje,[poslovanje]
Partikel / Präposition,aber,but,,ali,[ali]
Substantiv (400 Dinge),Butter,butter,,maslac,[maslats]
Substantiv (200 bildh.),Taste,button,,dugme,[dugme]
Partikel / Präposition,von,by,,po,[po]
Substantiv (200 bildh.),Kuchen,cake,,kolač,[kolatstsch]
Substantiv (200 bildh.),Kamera,camera,,fotoaparat,[fotoaparat]
Substantiv (400 Dinge),Leinwand,canvas,,platno,[platno]
Substantiv (200 bildh.),Karte,card,,kartica,[kartitsa]
Substantiv (400 Dinge),Pflege,care,,briga,[briga]
Substantiv (200 bildh.),Kutsche,carriage,,kočija,[kotstschija]
Substantiv (200 bildh.),Warenkorb,cart,,kolica,[kolitsa]
Substantiv (200 bildh.),Katze,cat,,mačka,[matstschka]
Substantiv (200 bildh.),Rinder,cattle,,goveda,[goveda]
Substantiv (400 Dinge),Ursache,cause,,uzrokovati,[uzrokovati]
Adjektiv (50 Gegensätze),sicher,certain,,određeni,[odredstscheni]
Substantiv (200 bildh.),Kette,chain,,lanac,[lanats]
Substantiv (400 Dinge),Kreide,chalk,,kreda,[kreda]
Substantiv (400 Dinge),Chance,chance,,prilika,[prilika]
Substantiv (400 Dinge),ändern,change,,promjena,[promjena]
Adjektiv (100 allg.),billig,cheap,,jeftino,[jeftino]
Substantiv (200 bildh.),Käse,cheese,,sir,[sir]
Adjektiv (100 allg.),chemisch,chemical,,kemijski,[kemijski]
Substantiv (200 bildh.),Brust,chest,,prsa,[prsa]
Adjektiv (100 allg.),Chef,chief,,načelnik,[natstschelnik]
Substantiv (400 Dinge),Kind,child,,dijete,[dijete]
Substantiv (200 bildh.),Kinn,chin,,brada,[brada]
Substantiv (200 bildh.),Kirche,church,,crkva,[tsrkva]
Substantiv (200 bildh.),Kreis,circle,,krug,[krug]
Adjektiv (100 allg.),sauber,clean,,čistim,[tstschistim]
Adjektiv (100 allg.),klar,clear,,jasno,[jasno]
Substantiv (200 bildh.),Uhr,clock,,sat,[sat]
Substantiv (400 Dinge),Stoff,cloth,,tkanina,[tkanina]
Substantiv (200 bildh.),Wolke,cloud,,oblak,[oblak]
Substantiv (400 Dinge),Kohle,coal,,ugljen,[ugljen]
Substantiv (200 bildh.),Mantel,coat,,kaput,[kaput]
Adjektiv (50 Gegensätze),kalt,cold,,hladna,[chladna]
Substantiv (200 bildh.),Kragen,collar,,ovratnik,[ovratnik]
Substantiv (400 Dinge),Farbe,colour,,boja,[boja]
Substantiv (200 bildh.),Kamm,comb,,češalj,[tstschestschalj]
Substantiv (400 Dinge),Komfort,comfort,,udobnost,[udobnost]
Substantiv (400 Dinge),Ausschuss,committee,,odbor,[odbor]
Adjektiv (100 allg.),häufig,common,,zajednički,[zajednitstschki]
Substantiv (400 Dinge),Unternehmen,company,,tvrtka,[tvrtka]
Substantiv (400 Dinge),Vergleich,comparison,,usporedba,[usporedba]
Substantiv (400 Dinge),Wettbewerb,competition,,natjecanje,[natjetsanje]
Adjektiv (50 Gegensätze),abgeschlossen,complete,,potpuna,[potpuna]
Adjektiv (100 allg.),komplex,complex,,složena,[sloschena]
Substantiv (400 Dinge),Zustand,condition,,stanje,[stanje]
Substantiv (400 Dinge),Verbindung,connection,,veza,[veza]
Adjektiv (100 allg.),bewusst,conscious,,svjestan,[svjestan]
Substantiv (400 Dinge),Kontrolle,control,,kontrola,[kontrola]
Substantiv (400 Dinge),kochen,cook,,kuhati,[kuchati]
Substantiv (400 Dinge),Kochen,cooking,,kuhanje,[kuchanje]
Substantiv (400 Dinge),Kupfer,copper,,bakar,[bakar]
Substantiv (400 Dinge),kopieren,copy,,kopija,[kopija]
Substantiv (200 bildh.),Schnur,cord,,kabel,[kabel]
Substantiv (400 Dinge),Kork,cork,,pluto,[pluto]
Substantiv (400 Dinge),Baumwolle,cotton,,pamuk,[pamuk]
Substantiv (400 Dinge),Husten,cough,,kašalj,[kastschalj]
Substantiv (400 Dinge),Land,country,,zemlja,[zemlja]
Substantiv (400 Dinge),Abdeckung,cover,,poklopac,[poklopats]
Substantiv (200 bildh.),Kuh,cow,,krava,[krava]
Substantiv (400 Dinge),knacken,crack,,ispucati,[isputsati]
Substantiv (400 Dinge),Kredit,credit,,kredit,[kredit]
Substantiv (400 Dinge),Kreditbank,credit bank,,kreditna banka,[kreditna banka]
Substantiv (400 Dinge),Verbrechen,crime,,zločin,[zlotstschin]
Adjektiv (50 Gegensätze),grausam,cruel,,okrutan,[okrutan]
Substantiv (400 Dinge),zerquetschen,crush,,zdrobiti,[zdrobiti]
Substantiv (400 Dinge),Weinen,cry,,plakati,[plakati]
Substantiv (200 bildh.),Tasse,cup,,šalica,[stschalitsa]
Substantiv (400 Dinge),aktuell,current,,trenutni,[trenutni]
Substantiv (200 bildh.),Vorhang,curtain,,zastor,[zastor]
Substantiv (400 Dinge),Kurve,curve,,krivulja,[krivulja]
Substantiv (200 bildh.),Kissen,cushion,,jastuk,[jastuk]
Adjektiv (100 allg.),schneiden,cut,,rezati,[rezati]
Substantiv (400 Dinge),Schaden,damage,,oštećenje,[ostschtetstschenje]
Substantiv (400 Dinge),Gefahr,danger,,opasnost,[opasnost]
Adjektiv (50 Gegensätze),dunkel,dark,,mračno,[mratstschno]
Substantiv (400 Dinge),Tochter,daughter,,kći,[ktstschi]
Substantiv (400 Dinge),Tag,day,,dan,[dan]
Adjektiv (50 Gegensätze),tot,dead,,mrtav,[mrtav]
Adjektiv (50 Gegensätze),Liebling,dear,,draga,[draga]
Substantiv (400 Dinge),Tod,death,,smrti,[smrti]
Substantiv (400 Dinge),Schulden,debt,,duga,[duga]
Substantiv (400 Dinge),Entscheidung,decision,,odluka,[odluka]
Adjektiv (100 allg.),tief,deep,,duboko,[duboko]
Substantiv (400 Dinge),Abschluss,degree,,stupanj,[stupanj]
Adjektiv (50 Gegensätze),zart,delicate,,delikatan,[delikatan]
Adjektiv (100 allg.),abhängig,dependent,,ovisan,[ovisan]
Substantiv (400 Dinge),Design,design,,dizajn,[dizajn]
Substantiv (400 Dinge),Wunsch,desire,,želja,[schelja]
Substantiv (400 Dinge),Zerstörung,destruction,,uništenje,[unistschtenje]
Substantiv (400 Dinge),Detail,detail,,detalj,[detalj]
Substantiv (400 Dinge),Entwicklung,development,,razvoju,[razvoju]
Substantiv (400 Dinge),Unterschied,difference,,razlika,[razlika]
Adjektiv (50 Gegensätze),anders,different,,drugačiji,[drugatstschiji]
Substantiv (400 Dinge),Verdauung,digestion,,probava,[probava]
Substantiv (400 Dinge),Richtung,direction,,pravac,[pravats]
Adjektiv (50 Gegensätze),schmutzig,dirty,,prljavi,[prljavi]
Substantiv (400 Dinge),Entdeckung,discovery,,otkriće,[otkritstsche]
Substantiv (400 Dinge),Diskussion,discussion,,rasprava,[rasprava]
Substantiv (400 Dinge),Krankheit,disease,,bolesti,[bolesti]
Substantiv (400 Dinge),Ekel,disgust,,gađenje,[gadstschenje]
Substantiv (400 Dinge),Entfernung,distance,,udaljenost,[udaljenost]
Substantiv (400 Dinge),Verteilung,distribution,,raspodjela,[raspodjela]
Substantiv (400 Dinge),Abteilung,division,,podjela,[podjela]
Verb,tun,do,,učiniti,[utstschiniti]
Substantiv (200 bildh.),Hund,dog,,pas,[pas]
Substantiv (400 Dinge),Hausangestellter,domestic worker,,domaći radnik,[domatstschi radnik]
Substantiv (200 bildh.),Tür,door,,vrata,[vrata]
Substantiv (400 Dinge),Zweifel,doubt,,sumnja,[sumnja]
Partikel / Präposition,unten,down,,dolje,[dolje]
Substantiv (200 bildh.),abtropfen lassen,drain,,odvoditi,[odvoditi]
Substantiv (200 bildh.),Schublade,drawer,,ladica,[laditsa]
Substantiv (200 bildh.),Kleid,dress,,haljina,[chaljina]
Substantiv (400 Dinge),trinken,drink,,piće,[pitstsche]
Substantiv (400 Dinge),fahren,driving,,vožnja,[voschnja]
Substantiv (200 bildh.),fallen lassen,drop,,ispustiti,[ispustiti]
Adjektiv (50 Gegensätze),trocken,dry,,suha,[sucha]
Substantiv (400 Dinge),Staub,dust,,prašina,[prastschina]
Substantiv (200 bildh.),Ohr,ear,,uho,[ucho]
Adjektiv (100 allg.),früh,early,,rano,[rano]
Substantiv (400 Dinge),Erde,earth,,zemlja,[zemlja]
Substantiv (200 bildh.),Regenwurm,earthworm,,kišna glista,[kistschna glista]
Partikel / Präposition,Osten,east,,istok,[istok]
Substantiv (400 Dinge),Kante,edge,,rub,[rub]
Substantiv (400 Dinge),Bildung,education,,obrazovanje,[obrazovanje]
Substantiv (400 Dinge),Wirkung,effect,,učinak,[utstschinak]
Substantiv (200 bildh.),Ei,egg,,jaje,[jaje]
Adjektiv (100 allg.),elastisch,elastic,,elastična,[elastitstschna]
Substantiv (400 Dinge),Elastizität,elasticity,,elastičnost,[elastitstschnost]
Adjektiv (100 allg.),elektrisch,electric,,električni,[elektritstschni]
Substantiv (400 Dinge),Strom,electricity,,struja,[struja]
Substantiv (400 Dinge),Ende,end,,kraj,[kraj]
Substantiv (200 bildh.),Motor,engine,,motor,[motor]
Partikel / Präposition,genug,enough,,dovoljno,[dovoljno]
Adjektiv (100 allg.),gleich,equal,,jednaka,[jednaka]
Substantiv (400 Dinge),Fehler,error,,greška,[grestschka]
Partikel / Präposition,sogar,even,,čak i,[tstschak i]
Substantiv (400 Dinge),Ereignis,event,,događaj,[dogadstschaj]
Partikel / Präposition,jemals,ever,,ikada,[ikada]
Partikel / Präposition,jeder,every,,svaki,[svaki]
Substantiv (400 Dinge),Beispiel,example,,primjer,[primjer]
Substantiv (400 Dinge),Austausch,exchange,,razmjena,[razmjena]
Substantiv (400 Dinge),Existenz,existence,,postojanje,[postojanje]
Substantiv (400 Dinge),Erweiterung,expansion,,proširenje,[prostschirenje]
Substantiv (400 Dinge),Erfahrung,experience,,iskustvo,[iskustvo]
Substantiv (400 Dinge),Experte,expert,,stručnjak,[strutstschnjak]
Substantiv (200 bildh.),Auge,eye,,oko,[oko]
Substantiv (200 bildh.),Gesicht,face,,lice,[litse]
Substantiv (400 Dinge),Tatsache,fact,,činjenica,[tstschinjenitsa]
Substantiv (400 Dinge),Misserfolg,failure,,neuspjeh,[neuspjech]
Substantiv (400 Dinge),fallen,fall,,padati,[padati]
Adjektiv (50 Gegensätze),falsch,false,,lažno,[laschno]
Substantiv (400 Dinge),Familie,family,,obitelji,[obitelji]
Partikel / Präposition,weit,far,,daleko,[daleko]
Substantiv (200 bildh.),Bauernhof,farm,,farma,[farma]
Adjektiv (100 allg.),fett,fat,,masti,[masti]
Substantiv (400 Dinge),Vater,father,,otac,[otats]
Substantiv (400 Dinge),Angst,fear,,strah,[strach]
Substantiv (200 bildh.),Feder,feather,,pero,[pero]
Adjektiv (50 Gegensätze),schwach,feeble,,slabašan,[slabastschan]
Substantiv (400 Dinge),Gefühl,feeling,,osjećaj,[osjetstschaj]
Adjektiv (50 Gegensätze),weiblich,female,,ženskog spola,[schenskog spola]
Adjektiv (100 allg.),fruchtbar,fertile,,plodna,[plodna]
Substantiv (400 Dinge),Fruchtbarkeit,fertility,,plodnost,[plodnost]
Substantiv (400 Dinge),Fiktion,fiction,,fikcija,[fiktsija]
Substantiv (400 Dinge),Feld,field,,polje,[polje]
Substantiv (400 Dinge),kämpfen,fight,,boriti se,[boriti se]
Substantiv (200 bildh.),Finger,finger,,prst,[prst]
Substantiv (400 Dinge),Feuer,fire,,požara,[poschara]
Adjektiv (100 allg.),zuerst,first,,prvi,[prvi]
Substantiv (200 bildh.),Fisch,fish,,riba,[riba]
Substantiv (200 bildh.),Fischernetz,fishing net,,ribarska mreža,[ribarska mrescha]
Adjektiv (100 allg.),behoben,fixed,,fiksni,[fiksni]
Substantiv (200 bildh.),Flagge,flag,,zastava,[zastava]
Substantiv (400 Dinge),Flamme,flame,,plamen,[plamen]
Adjektiv (100 allg.),flach,flat,,stan,[stan]
Substantiv (400 Dinge),Flug,flight,,let,[let]
Substantiv (200 bildh.),Boden,floor,,pod,[pod]
Substantiv (400 Dinge),Blume,flower,,cvijet,[tsvijet]
Substantiv (200 bildh.),fliegen,fly,,letjeti,[letjeti]
Substantiv (400 Dinge),falten,fold,,presavijati,[presavijati]
Substantiv (400 Dinge),Essen,food,,hrane,[chrane]
Adjektiv (50 Gegensätze),dumm,foolish,,budalasto,[budalasto]
Substantiv (400 Dinge),Dummheit,foolishness,,glupost,[glupost]
Substantiv (200 bildh.),Fuß,foot,,noga,[noga]
Partikel / Präposition,für,for,,za,[za]
Substantiv (400 Dinge),Kraft,force,,sila,[sila]
Substantiv (200 bildh.),Gabel,fork,,vilica,[vilitsa]
Substantiv (400 Dinge),Formular,form,,obrazac,[obrazats]
Partikel / Präposition,vorwärts,forward,,naprijed,[naprijed]
Substantiv (200 bildh.),Geflügel,fowl,,peradi,[peradi]
Substantiv (200 bildh.),Rahmen,frame,,okvir,[okvir]
Adjektiv (100 allg.),kostenlos,free,,besplatno,[besplatno]
Adjektiv (100 allg.),häufig,frequent,,učestalo,[utstschestalo]
Substantiv (400 Dinge),Freund,friend,,prijatelju,[prijatelju]
Partikel / Präposition,von,from,,od,[od]
Substantiv (400 Dinge),vorne,front,,sprijeda,[sprijeda]
Substantiv (400 Dinge),Frucht,fruit,,voće,[votstsche]
Adjektiv (100 allg.),voll,full,,puna,[puna]
Adjektiv (50 Gegensätze),Zukunft,future,,budućnost,[budutstschnost]
Substantiv (200 bildh.),Garten,garden,,vrt,[vrt]
Adjektiv (100 allg.),allgemein,general,,opći,[optstschi]
Verb,bekommen,get,,dobiti,[dobiti]
Substantiv (200 bildh.),Mädchen,girl,,djevojka,[djevojka]
Substantiv (400 Dinge),Freundin,girlfriend,,djevojka,[djevojka]
Verb,geben,give,,dati,[dati]
Substantiv (400 Dinge),Glas,glass,,stakla,[stakla]
Substantiv (200 bildh.),Handschuh,glove,,rukavica,[rukavitsa]
Verb,geh,go,,otići,[otitstschi]
Substantiv (200 bildh.),Ziege,goat,,koza,[koza]
Substantiv (400 Dinge),Gold,gold,,zlato,[zlato]
Adjektiv (100 allg.),gut,good,,dobar,[dobar]
Substantiv (400 Dinge),Regierung,government,,vlada,[vlada]
Substantiv (400 Dinge),Getreide,grain,,žito,[schito]
Substantiv (400 Dinge),Gras,grass,,trava,[trava]
Adjektiv (100 allg.),grau,gray,,siva,[siva]
Adjektiv (100 allg.),großartig,great,,super,[super]
Adjektiv (50 Gegensätze),grün,green,,zelena,[zelena]
Adjektiv (100 allg.),grau/grau,grey/gray,,siva/siva,[siva/siva]
Substantiv (400 Dinge),Griff,grip,,stisak,[stisak]
Substantiv (400 Dinge),Gruppe,group,,grupa,[grupa]
Substantiv (400 Dinge),Wachstum,growth,,rast,[rast]
Substantiv (400 Dinge),Führer,guide,,vodič,[voditstsch]
Substantiv (200 bildh.),Waffe,gun,,pištolj,[pistschtolj]
Substantiv (200 bildh.),Haare,hair,,kosa,[kosa]
Substantiv (200 bildh.),Hammer,hammer,,čekić,[tstschekitstsch]
Substantiv (200 bildh.),Hand,hand,,ruke,[ruke]
Adjektiv (100 allg.),hängend,hanging,,vješanje,[vjestschanje]
Adjektiv (100 allg.),glücklich,happy,,sretna,[sretna]
Substantiv (400 Dinge),Hafen,harbor,,luka,[luka]
Adjektiv (100 allg.),hart,hard,,teško,[testschko]
Substantiv (400 Dinge),Harmonie,harmony,,sklad,[sklad]
Substantiv (200 bildh.),Hut,hat,,šešir,[stschestschir]
Substantiv (400 Dinge),hassen,hate,,mrziti,[mrziti]
Verb,habe,have,,imati,[imati]
Partikel / Präposition,er,he,,on,[on]
Substantiv (200 bildh.),Kopf,head,,glavu,[glavu]
Adjektiv (100 allg.),gesund,healthy,,zdrava,[zdrava]
Substantiv (400 Dinge),Hören,hearing,,saslušanje,[saslustschanje]
Substantiv (200 bildh.),Herz,heart,,srce,[srtse]
Substantiv (400 Dinge),Hitze,heat,,vrućina,[vrutstschina]
Substantiv (400 Dinge),Hilfe,help,,pomoć,[pomotstsch]
Partikel / Präposition,hier,here,,ovdje,[ovdje]
Adjektiv (100 allg.),hoch,high,,visoka,[visoka]
Substantiv (400 Dinge),Geschichte,history,,povijesti,[povijesti]
Substantiv (400 Dinge),Loch,hole,,rupa,[rupa]
Adjektiv (100 allg.),hohl,hollow,,šuplje,[stschuplje]
Substantiv (200 bildh.),Haken,hook,,udica,[uditsa]
Substantiv (400 Dinge),Hoffnung,hope,,nadati se,[nadati se]
Substantiv (200 bildh.),Hupe,horn,,rog,[rog]
Substantiv (200 bildh.),Pferd,horse,,konja,[konja]
Substantiv (200 bildh.),Krankenhaus,hospital,,bolnica,[bolnitsa]
Substantiv (400 Dinge),Stunde,hour,,sat,[sat]
Substantiv (200 bildh.),Haus,house,,kuća,[kutstscha]
Partikel / Präposition,wie,how,,kako,[kako]
Substantiv (400 Dinge),Humor,humour,,humor,[chumor]
Partikel / Präposition,ich,i,,ja,[ja]
Substantiv (400 Dinge),Eis,ice,,led,[led]
Substantiv (400 Dinge),Idee,idea,,ideja,[ideja]
Partikel / Präposition,wenn,if,,ako,[ako]
Adjektiv (50 Gegensätze),krank,ill,,bolestan,[bolestan]
Adjektiv (100 allg.),wichtig,important,,važno,[vaschno]
Substantiv (400 Dinge),Impuls,impulse,,impuls,[impuls]
Partikel / Präposition,in,in,,u,[u]
Substantiv (400 Dinge),erhöhen,increase,,povećanje,[povetstschanje]
Substantiv (400 Dinge),Industrie,industry,,industrija,[industrija]
Substantiv (400 Dinge),Tinte,ink,,tinta,[tinta]
Substantiv (400 Dinge),Insekt,insect,,kukac,[kukats]
Substantiv (400 Dinge),Instrument,instrument,,instrument,[instrument]
Substantiv (400 Dinge),Versicherung,insurance,,osiguranje,[osiguranje]
Substantiv (400 Dinge),Interesse,interest,,kamata,[kamata]
Substantiv (400 Dinge),Erfindung,invention,,invencija,[inventsija]
Substantiv (400 Dinge),Eisen,iron,,željezo,[scheljezo]
Substantiv (200 bildh.),Insel,island,,otok,[otok]
Substantiv (400 Dinge),Gelee,jelly,,žele,[schele]
Substantiv (200 bildh.),Juwel,jewel,,dragulj,[dragulj]
Substantiv (400 Dinge),beitreten,join,,pridružiti se,[pridruschiti se]
Substantiv (400 Dinge),Reise,journey,,putovanje,[putovanje]
Substantiv (400 Dinge),Richter,judge,,suditi,[suditi]
Substantiv (400 Dinge),springen,jump,,skočiti,[skotstschiti]
Verb,behalten,keep,,zadržati,[zadrschati]
Substantiv (200 bildh.),Wasserkocher,kettle,,kuhalo za vodu,[kuchalo za vodu]
Substantiv (200 bildh.),Schlüssel,key,,ključ,[kljutstsch]
Substantiv (400 Dinge),Tritt,kick,,udarac nogom,[udarats nogom]
Adjektiv (100 allg.),nett,kind,,vrsta,[vrsta]
Substantiv (400 Dinge),Kuss,kiss,,poljubac,[poljubats]
Substantiv (200 bildh.),Knie,knee,,koljeno,[koljeno]
Substantiv (200 bildh.),Messer,knife,,nož,[nosch]
Substantiv (200 bildh.),Knoten,knot,,čvor,[tstschvor]
Substantiv (400 Dinge),Wissen,knowledge,,znanja,[znanja]
Substantiv (400 Dinge),Land,land,,zemljište,[zemljistschte]
Substantiv (400 Dinge),Sprache,language,,jeziku,[jeziku]
Adjektiv (50 Gegensätze),zuletzt,last,,posljednji,[posljednji]
Adjektiv (50 Gegensätze),spät,late,,kasno,[kasno]
Substantiv (400 Dinge),lachen,laugh,,nasmijati se,[nasmijati se]
Substantiv (400 Dinge),Gesetz,law,,pravo,[pravo]
Substantiv (400 Dinge),führen,lead,,voditi,[voditi]
Substantiv (200 bildh.),Blatt,leaf,,list,[list]
Substantiv (400 Dinge),Lernen,learning,,učenje,[utstschenje]
Substantiv (400 Dinge),Leder,leather,,koža,[koscha]
Adjektiv (50 Gegensätze),links,left,,lijevo,[lijevo]
Substantiv (200 bildh.),Bein,leg,,noga,[noga]
Verb,lass,let,,neka,[neka]
Substantiv (400 Dinge),Brief,letter,,pismo,[pismo]
Substantiv (400 Dinge),Ebene,level,,razini,[razini]
Substantiv (200 bildh.),Bibliothek,library,,knjižnica,[knjischnitsa]
Substantiv (400 Dinge),heben,lift,,dizati,[dizati]
Substantiv (400 Dinge),Licht,light,,svjetlo,[svjetlo]
Adjektiv (100 allg.),wie,like,,poput,[poput]
Substantiv (400 Dinge),Grenze,limit,,granica,[granitsa]
Substantiv (200 bildh.),Linie,line,,linija,[linija]
Substantiv (400 Dinge),Leinen,linen,,laneno rublje,[laneno rublje]
Substantiv (200 bildh.),Lippe,lip,,usna,[usna]
Substantiv (400 Dinge),Flüssigkeit,liquid,,tekućina,[tekutstschina]
Substantiv (400 Dinge),Liste,list,,lista,[lista]
Partikel / Präposition,wenig,little,,malo,[malo]
Adjektiv (100 allg.),leben,living,,živeći,[schivetstschi]
Substantiv (200 bildh.),Schloss,lock,,zaključati,[zakljutstschati]
Adjektiv (100 allg.),lang,long,,dugo,[dugo]
Substantiv (400 Dinge),schau,look,,pogledati,[pogledati]
Adjektiv (50 Gegensätze),locker,loose,,labavo,[labavo]
Substantiv (400 Dinge),Verlust,loss,,gubitak,[gubitak]
Adjektiv (50 Gegensätze),laut,loud,,glasno,[glasno]
Substantiv (400 Dinge),Liebe,love,,ljubavi,[ljubavi]
Adjektiv (50 Gegensätze),niedrig,low,,nizak,[nizak]
Substantiv (400 Dinge),Maschine,machine,,stroj,[stroj]
Verb,machen,make,,napraviti,[napraviti]
Adjektiv (100 allg.),männlich,male,,muškarac,[mustschkarats]
Substantiv (400 Dinge),Mann,man,,čovjek,[tstschovjek]
Substantiv (400 Dinge),Manager,manager,,menadžer,[menadstscher]
Substantiv (200 bildh.),Karte,map,,karta,[karta]
Substantiv (400 Dinge),markieren,mark,,označiti,[oznatstschiti]
Substantiv (400 Dinge),Markt,market,,tržištu,[trschistschtu]
Adjektiv (100 allg.),verheiratet,married,,oženjen,[oschenjen]
Substantiv (400 Dinge),Masse,mass,,masa,[masa]
Substantiv (200 bildh.),Spiel,match,,odgovarati,[odgovarati]
Adjektiv (100 allg.),Material,material,,materijala,[materijala]
Verb,Mai,may,,svibanj,[svibanj]
Substantiv (400 Dinge),Mahlzeit,meal,,obrok,[obrok]
Substantiv (400 Dinge),messen,measure,,mjeriti,[mjeriti]
Substantiv (400 Dinge),Fleisch,meat,,meso,[meso]
Adjektiv (100 allg.),medizinisch,medical,,medicinski,[meditsinski]
Substantiv (400 Dinge),Treffen,meeting,,sastanak,[sastanak]
Substantiv (400 Dinge),Erinnerung,memory,,pamćenje,[pamtstschenje]
Substantiv (400 Dinge),Metall,metal,,metalni,[metalni]
Substantiv (400 Dinge),Mitte,middle,,sredini,[sredini]
Adjektiv (100 allg.),Militär,military,,vojnog,[vojnog]
Substantiv (400 Dinge),Milch,milk,,mlijeko,[mlijeko]
Substantiv (400 Dinge),Geist,mind,,uma,[uma]
Substantiv (400 Dinge),meins,mine,,moje,[moje]
Substantiv (400 Dinge),Minute,minute,,minuta,[minuta]
Substantiv (400 Dinge),Nebel,mist,,magla,[magla]
Adjektiv (50 Gegensätze),gemischt,mixed,,mješoviti,[mjestschoviti]
Substantiv (400 Dinge),Geld,money,,novac,[novats]
Substantiv (200 bildh.),Affe,monkey,,majmun,[majmun]
Substantiv (400 Dinge),Monat,month,,mjesec,[mjesets]
Substantiv (200 bildh.),Mond,moon,,mjesec,[mjesets]
Substantiv (400 Dinge),Morgen,morning,,jutro,[jutro]
Substantiv (400 Dinge),Mutter,mother,,majka,[majka]
Substantiv (400 Dinge),Bewegung,motion,,kretanje,[kretanje]
Substantiv (400 Dinge),Berg,mountain,,planina,[planina]
Substantiv (200 bildh.),Mund,mouth,,usta,[usta]
Substantiv (400 Dinge),bewegen,move,,kretati se,[kretati se]
Partikel / Präposition,viel,much,,puno,[puno]
Substantiv (200 bildh.),Muskel,muscle,,mišića,[mistschitstscha]
Substantiv (400 Dinge),Musik,music,,glazba,[glazba]
Substantiv (200 bildh.),Nagel,nail,,noktiju,[noktiju]
Substantiv (400 Dinge),Namen,name,,ime,[ime]
Adjektiv (50 Gegensätze),schmal,narrow,,uski,[uski]
Substantiv (400 Dinge),Nation,nation,,nacija,[natsija]
Adjektiv (100 allg.),natürlich,natural,,prirodni,[prirodni]
Partikel / Präposition,in der Nähe,near,,blizu,[blizu]
Adjektiv (100 allg.),notwendig,necessary,,potrebno,[potrebno]
Substantiv (200 bildh.),Hals,neck,,vrat,[vrat]
Substantiv (400 Dinge),brauchen,need,,trebati,[trebati]
Substantiv (200 bildh.),Nadel,needle,,igla,[igla]
Substantiv (200 bildh.),Nerv,nerve,,živac,[schivats]
Substantiv (200 bildh.),Netto,net,,neto,[neto]
Adjektiv (100 allg.),neu,new,,novi,[novi]
Substantiv (400 Dinge),Nachrichten,news,,vijesti,[vijesti]
Substantiv (400 Dinge),Nacht,night,,noć,[notstsch]
Partikel / Präposition,Nein,no,,br,[br]
Substantiv (400 Dinge),Lärm,noise,,buka,[buka]
Adjektiv (100 allg.),normal,normal,,normalno,[normalno]
Partikel / Präposition,Norden,north,,sjever,[sjever]
Substantiv (200 bildh.),Nase,nose,,nos,[nos]
Partikel / Präposition,nicht,not,,nije,[nije]
Substantiv (400 Dinge),Hinweis,note,,bilješka,[biljestschka]
Partikel / Präposition,jetzt,now,,sada,[sada]
Substantiv (400 Dinge),Nummer,number,,broj,[broj]
Substantiv (200 bildh.),Nuss,nut,,matica,[matitsa]
Substantiv (400 Dinge),Beobachtung,observation,,promatranje,[promatranje]
Partikel / Präposition,von,of,,od,[od]
Partikel / Präposition,aus,off,,isključeno,[iskljutstscheno]
Substantiv (400 Dinge),Angebot,offer,,ponuda,[ponuda]
Substantiv (200 bildh.),Büro,office,,ured,[ured]
Substantiv (400 Dinge),Öl,oil,,ulje,[ulje]
Adjektiv (50 Gegensätze),alt,old,,stara,[stara]
Partikel / Präposition,auf,on,,na,[na]
Partikel / Präposition,nur,only,,jedini,[jedini]
Adjektiv (100 allg.),offen,open,,otvorena,[otvorena]
Substantiv (400 Dinge),Betrieb,operation,,operacija,[operatsija]
Substantiv (400 Dinge),Meinung,opinion,,mišljenje,[mistschljenje]
Adjektiv (50 Gegensätze),Gegenteil,opposite,,suprotnost,[suprotnost]
Partikel / Präposition,oder,or,,ili,[ili]
Substantiv (200 bildh.),orange,orange,,narančasta,[narantstschasta]
Substantiv (400 Dinge),bestellen,order,,poredak,[poredak]
Substantiv (400 Dinge),Organisation,organization,,organizacija,[organizatsija]
Substantiv (400 Dinge),Ornament,ornament,,ornament,[ornament]
Partikel / Präposition,andere,other,,drugo,[drugo]
Partikel / Präposition,raus,out,,van,[van]
Substantiv (200 bildh.),Ofen,oven,,pećnica,[petstschnitsa]
Partikel / Präposition,vorbei,over,,preko,[preko]
Substantiv (400 Dinge),Besitzer,owner,,vlasnik,[vlasnik]
Substantiv (400 Dinge),Seite,page,,stranici,[stranitsi]
Substantiv (400 Dinge),Schmerz,pain,,bol,[bol]
Substantiv (400 Dinge),malen,paint,,slikati,[slikati]
Substantiv (400 Dinge),Papier,paper,,papir,[papir]
Adjektiv (100 allg.),parallel,parallel,,paralelno,[paralelno]
Substantiv (200 bildh.),Paket,parcel,,parcela,[partsela]
Substantiv (400 Dinge),Teil,part,,dio,[dio]
Adjektiv (100 allg.),Vergangenheit,past,,prošlosti,[prostschlosti]
Substantiv (400 Dinge),einfügen,paste,,zalijepiti,[zalijepiti]
Substantiv (400 Dinge),Zahlung,payment,,plaćanje,[platstschanje]
Substantiv (400 Dinge),Frieden,peace,,mir,[mir]
Substantiv (200 bildh.),Stift,pen,,olovka,[olovka]
Substantiv (200 bildh.),Bleistift,pencil,,olovka,[olovka]
Substantiv (400 Dinge),Person,person,,osoba,[osoba]
Adjektiv (100 allg.),körperlich,physical,,fizički,[fizitstschki]
Substantiv (200 bildh.),Bild,picture,,slika,[slika]
Substantiv (200 bildh.),Schwein,pig,,svinja,[svinja]
Substantiv (200 bildh.),Stift,pin,,pribadača,[pribadatstscha]
Substantiv (200 bildh.),Rohr,pipe,,cijev,[tsijev]
Substantiv (400 Dinge),Ort,place,,mjesto,[mjesto]
Substantiv (200 bildh.),Flugzeug,plane,,ravnina,[ravnina]
Substantiv (400 Dinge),Pflanze,plant,,biljka,[biljka]
Substantiv (200 bildh.),Platte,plate,,ploča,[plotstscha]
Substantiv (400 Dinge),spielen,play,,svirati,[svirati]
Partikel / Präposition,Bitte,please,,molim te,[molim te]
Substantiv (400 Dinge),Vergnügen,pleasure,,zadovoljstvo,[zadovoljstvo]
Substantiv (200 bildh.),Pflug/Pflug,plough/plow,,plug/plug,[plug/plug]
Substantiv (200 bildh.),Tasche,pocket,,džep,[dstschep]
Substantiv (400 Dinge),Punkt,point,,točka,[totstschka]
Substantiv (400 Dinge),Gift,poison,,otrov,[otrov]
Substantiv (400 Dinge),polieren,polish,,polirati,[polirati]
Adjektiv (100 allg.),politisch,political,,političkim,[polititstschkim]
Adjektiv (100 allg.),arm,poor,,siromašan,[siromastschan]
Substantiv (400 Dinge),Portier,porter,,vratar,[vratar]
Substantiv (400 Dinge),Position,position,,položaj,[poloschaj]
Adjektiv (100 allg.),möglich,possible,,moguće,[mogutstsche]
Substantiv (200 bildh.),Topf,pot,,lonac,[lonats]
Substantiv (200 bildh.),Kartoffel,potato,,krumpir,[krumpir]
Substantiv (400 Dinge),Pulver,powder,,prašak,[prastschak]
Substantiv (400 Dinge),Macht,power,,snaga,[snaga]
Adjektiv (100 allg.),vorhanden,present,,prisutan,[prisutan]
Substantiv (400 Dinge),Preis,price,,cijena,[tsijena]
Substantiv (400 Dinge),drucken,print,,ispisati,[ispisati]
Substantiv (200 bildh.),Gefängnis,prison,,zatvor,[zatvor]
Adjektiv (100 allg.),privat,private,,privatni,[privatni]
Adjektiv (100 allg.),wahrscheinlich,probable,,vjerojatan,[vjerojatan]
Substantiv (400 Dinge),Prozess,process,,procesuirati,[protsesuirati]
Substantiv (400 Dinge),produzieren,produce,,proizvoditi,[proizvoditi]
Substantiv (400 Dinge),Gewinn,profit,,dobit,[dobit]
Substantiv (400 Dinge),Eigentum,property,,vlasništvo,[vlasnistschtvo]
Substantiv (400 Dinge),Prosa,prose,,proza,[proza]
Substantiv (400 Dinge),Protest,protest,,protestirati,[protestirati]
Adjektiv (50 Gegensätze),öffentlich,public,,javni,[javni]
Substantiv (400 Dinge),ziehen,pull,,povući,[povutstschi]
Substantiv (200 bildh.),Pumpe,pump,,pumpa,[pumpa]
Substantiv (400 Dinge),Bestrafung,punishment,,kazna,[kazna]
Substantiv (400 Dinge),Zweck,purpose,,svrha,[svrcha]
Substantiv (400 Dinge),schieben,push,,gurati,[gurati]
Verb,setzen,put,,staviti,[staviti]
Substantiv (400 Dinge),Qualität,quality,,kvaliteta,[kvaliteta]
Substantiv (400 Dinge),Frage,question,,pitanje,[pitanje]
Adjektiv (100 allg.),schnell,quick,,brzo,[brzo]
Adjektiv (100 allg.),ruhig,quiet,,tiho,[ticho]
Partikel / Präposition,ganz,quite,,prilično,[prilitstschno]
Substantiv (200 bildh.),Schiene,rail,,željeznicom,[scheljeznitsom]
Substantiv (400 Dinge),Regen,rain,,kiša,[kistscha]
Substantiv (400 Dinge),Reichweite,range,,domet,[domet]
Substantiv (200 bildh.),Ratte,rat,,štakor,[stschtakor]
Substantiv (400 Dinge),Rate,rate,,stopa,[stopa]
Substantiv (400 Dinge),Strahl,ray,,zraka,[zraka]
Substantiv (400 Dinge),Reaktion,reaction,,reakcija,[reaktsija]
Substantiv (400 Dinge),Lesen,reading,,čitanje,[tstschitanje]
Adjektiv (100 allg.),fertig,ready,,spreman,[spreman]
Substantiv (400 Dinge),Grund,reason,,razlog,[razlog]
Substantiv (200 bildh.),Quittung,receipt,,primitak,[primitak]
Substantiv (400 Dinge),aufzeichnen,record,,zapisnik,[zapisnik]
Adjektiv (100 allg.),rot,red,,crvena,[tsrvena]
Substantiv (400 Dinge),Bedauern,regret,,žaljenje,[schaljenje]
Adjektiv (100 allg.),regelmäßig,regular,,redovito,[redovito]
Substantiv (400 Dinge),Beziehung,relation,,odnos,[odnos]
Substantiv (400 Dinge),Religion,religion,,vjera,[vjera]
Substantiv (400 Dinge),Vertreter,representative,,predstavnik,[predstavnik]
Substantiv (400 Dinge),Anfrage,request,,zahtjev,[zachtjev]
Substantiv (400 Dinge),Respekt,respect,,poštovanje,[postschtovanje]
Adjektiv (100 allg.),verantwortlich,responsible,,odgovoran,[odgovoran]
Substantiv (400 Dinge),Ruhe,rest,,odmoriti se,[odmoriti se]
Substantiv (400 Dinge),Belohnung,reward,,nagrada,[nagrada]
Substantiv (400 Dinge),Rhythmus,rhythm,,ritam,[ritam]
Substantiv (400 Dinge),Reis,rice,,riža,[rischa]
Adjektiv (100 allg.),richtig,right,,desno,[desno]
Substantiv (200 bildh.),klingeln,ring,,prsten,[prsten]
Substantiv (400 Dinge),Fluss,river,,rijeka,[rijeka]
Substantiv (400 Dinge),Straße,road,,cesta,[tsesta]
Substantiv (200 bildh.),Stab,rod,,šipka,[stschipka]
Substantiv (400 Dinge),rollen,roll,,smotati,[smotati]
Substantiv (200 bildh.),Dach,roof,,krovište,[krovistschte]
Substantiv (400 Dinge),Zimmer,room,,soba,[soba]
Substantiv (200 bildh.),Wurzel,root,,korijen,[korijen]
Adjektiv (50 Gegensätze),rau,rough,,grubo,[grubo]
Adjektiv (100 allg.),rund,round,,okrugli,[okrugli]
Substantiv (400 Dinge),reiben,rub,,trljati,[trljati]
Substantiv (400 Dinge),Regel,rule,,pravilo,[pravilo]
Substantiv (400 Dinge),laufen,run,,trčati,[trtstschati]
Adjektiv (50 Gegensätze),traurig,sad,,tužan,[tuschan]
Adjektiv (50 Gegensätze),sicher,safe,,sigurno,[sigurno]
Substantiv (200 bildh.),segeln,sail,,ploviti,[ploviti]
Substantiv (400 Dinge),Salz,salt,,sol,[sol]
Adjektiv (100 allg.),gleich,same,,isti,[isti]
Substantiv (400 Dinge),Sand,sand,,pijesak,[pijesak]
Verb,sagen,say,,reći,[retstschi]
Substantiv (400 Dinge),Maßstab,scale,,mjerilo,[mjerilo]
Substantiv (200 bildh.),Schule,school,,škola,[stschkola]
Substantiv (400 Dinge),Wissenschaft,science,,znanosti,[znanosti]
Substantiv (200 bildh.),Schere,scissors,,škare,[stschkare]
Substantiv (200 bildh.),Schraube,screw,,vijak,[vijak]
Substantiv (400 Dinge),Meer,sea,,more,[more]
Substantiv (400 Dinge),Sitz,seat,,sjedište,[sjedistschte]
Adjektiv (100 allg.),zweitens,second,,drugo,[drugo]
Adjektiv (50 Gegensätze),Geheimnis,secret,,tajna,[tajna]
Substantiv (400 Dinge),Sekretärin,secretary,,tajnica,[tajnitsa]
Verb,siehe,see,,vidjeti,[vidjeti]
Substantiv (200 bildh.),Samen,seed,,sjeme,[sjeme]
Verb,scheinen,seem,,činiti se,[tstschiniti se]
Substantiv (400 Dinge),Auswahl,selection,,izbor,[izbor]
Substantiv (400 Dinge),selbst,self,,sebe,[sebe]
Verb,senden,send,,poslati,[poslati]
Substantiv (400 Dinge),Sinn,sense,,smislu,[smislu]
Adjektiv (100 allg.),getrennt,separate,,odvojiti,[odvojiti]
Adjektiv (100 allg.),ernst,serious,,ozbiljno,[ozbiljno]
Substantiv (400 Dinge),Diener,servant,,sluga,[sluga]
Substantiv (400 Dinge),Sex,sex,,sex,[sex]
Substantiv (400 Dinge),Schatten,shade,,sjena,[sjena]
Substantiv (400 Dinge),schütteln,shake,,tresti,[tresti]
Substantiv (400 Dinge),schade,shame,,sramota,[sramota]
Adjektiv (100 allg.),scharf,sharp,,oštar,[ostschtar]
Substantiv (200 bildh.),Schafe,sheep,,ovce,[ovtse]
Substantiv (200 bildh.),Regal,shelf,,polica,[politsa]
Substantiv (200 bildh.),Schiff,ship,,brod,[brod]
Substantiv (200 bildh.),Hemd,shirt,,košulja,[kostschulja]
Substantiv (400 Dinge),Schock,shock,,šok,[stschok]
Substantiv (200 bildh.),Schuh,shoe,,cipela,[tsipela]
Adjektiv (50 Gegensätze),kurz,short,,kratko,[kratko]
Adjektiv (50 Gegensätze),geschlossen,shut,,zatvoriti,[zatvoriti]
Substantiv (400 Dinge),Seite,side,,strana,[strana]
Substantiv (400 Dinge),Zeichen,sign,,znak,[znak]
Substantiv (400 Dinge),Seide,silk,,svila,[svila]
Substantiv (400 Dinge),Silber,silver,,srebro,[srebro]
Adjektiv (50 Gegensätze),einfach,simple,,jednostavan,[jednostavan]
Substantiv (400 Dinge),Schwester,sister,,sestra,[sestra]
Substantiv (400 Dinge),Größe,size,,veličine,[velitstschine]
Substantiv (200 bildh.),Haut,skin,,kože,[kosche]
Substantiv (200 bildh.),Rock,skirt,,suknja,[suknja]
Substantiv (400 Dinge),Himmel,sky,,nebo,[nebo]
Substantiv (400 Dinge),schlafen,sleep,,spavati,[spavati]
Substantiv (400 Dinge),ausrutschen,slip,,skliznuti,[skliznuti]
Substantiv (400 Dinge),Steigung,slope,,nagib,[nagib]
Adjektiv (50 Gegensätze),langsam,slow,,sporo,[sporo]
Adjektiv (50 Gegensätze),klein,small,,mala,[mala]
Substantiv (400 Dinge),zerschlagen,smash,,razbiti,[razbiti]
Substantiv (400 Dinge),Geruch,smell,,mirisati,[mirisati]
Substantiv (400 Dinge),lächeln,smile,,osmijeh,[osmijech]
Substantiv (400 Dinge),Rauch,smoke,,dimiti,[dimiti]
Adjektiv (100 allg.),glatt,smooth,,glatka,[glatka]
Substantiv (200 bildh.),Schlange,snake,,zmija,[zmija]
Substantiv (400 Dinge),niesen,sneeze,,kihati,[kichati]
Substantiv (400 Dinge),Schnee,snow,,snijeg,[snijeg]
Partikel / Präposition,also,so,,dakle,[dakle]
Substantiv (400 Dinge),Seife,soap,,sapun,[sapun]
Substantiv (400 Dinge),Gesellschaft,society,,društvu,[drustschtvu]
Substantiv (200 bildh.),Socke,sock,,čarapa,[tstscharapa]
Adjektiv (50 Gegensätze),weich,soft,,mekan,[mekan]
Adjektiv (50 Gegensätze),solide,solid,,čvrsta,[tstschvrsta]
Partikel / Präposition,einige,some,,neke,[neke]
Substantiv (400 Dinge),Sohn,son,,sine,[sine]
Substantiv (400 Dinge),Lied,song,,pjesma,[pjesma]
Substantiv (400 Dinge),sortieren,sort,,sortirati,[sortirati]
Substantiv (400 Dinge),Ton,sound,,zvuk,[zvuk]
Substantiv (400 Dinge),Suppe,soup,,juha,[jucha]
Partikel / Präposition,Süden,south,,južno,[juschno]
Substantiv (400 Dinge),Raum,space,,prostoru,[prostoru]
Substantiv (200 bildh.),Spaten,spade,,pik,[pik]
Adjektiv (50 Gegensätze),besonders,special,,poseban,[poseban]
Substantiv (200 bildh.),Schwamm,sponge,,spužva,[spuschva]
Substantiv (200 bildh.),Löffel,spoon,,žlica,[schlitsa]
Substantiv (200 bildh.),Frühling,spring,,proljeće,[proljetstsche]
Substantiv (200 bildh.),quadratisch,square,,trg,[trg]
Substantiv (400 Dinge),Bühne,stage,,pozornici,[pozornitsi]
Substantiv (200 bildh.),Stempel,stamp,,markica,[markitsa]
Substantiv (200 bildh.),Stern,star,,zvijezda,[zvijezda]
Substantiv (400 Dinge),beginnen,start,,započeti,[zapotstscheti]
Substantiv (400 Dinge),Aussage,statement,,izjava,[izjava]
Substantiv (200 bildh.),Bahnhof,station,,stanica,[stanitsa]
Substantiv (400 Dinge),Dampf,steam,,pare,[pare]
Substantiv (400 Dinge),Stahl,steel,,čelika,[tstschelika]
Substantiv (200 bildh.),Stamm,stem,,stabljika,[stabljika]
Substantiv (400 Dinge),Schritt,step,,korak,[korak]
Substantiv (200 bildh.),Stock,stick,,štap,[stschtap]
Adjektiv (100 allg.),klebrig,sticky,,ljepljiva,[ljepljiva]
Adjektiv (100 allg.),steif,stiff,,ukočen,[ukotstschen]
Partikel / Präposition,immer noch,still,,i dalje,[i dalje]
Substantiv (400 Dinge),Stich,stitch,,ubod,[ubod]
Substantiv (200 bildh.),Strumpf,stocking,,čarapa,[tstscharapa]
Substantiv (200 bildh.),Magen,stomach,,želudac,[scheludats]
Substantiv (400 Dinge),Stein,stone,,kamena,[kamena]
Substantiv (400 Dinge),hör auf,stop,,zaustaviti se,[zaustaviti se]
Substantiv (200 bildh.),speichern,store,,trgovina,[trgovina]
Substantiv (400 Dinge),Geschichte,story,,priča,[pritstscha]
Adjektiv (100 allg.),gerade,straight,,ravno,[ravno]
Adjektiv (50 Gegensätze),seltsam,strange,,čudno,[tstschudno]
Substantiv (200 bildh.),Straße,street,,ulica,[ulitsa]
Substantiv (400 Dinge),dehnen,stretch,,protežu se,[proteschu se]
Adjektiv (100 allg.),stark,strong,,snažna,[snaschna]
Substantiv (400 Dinge),Struktur,structure,,struktura,[struktura]
Substantiv (400 Dinge),Substanz,substance,,tvar,[tvar]
Partikel / Präposition,so,such,,takav,[takav]
Adjektiv (100 allg.),plötzlich,sudden,,iznenadan,[iznenadan]
Substantiv (400 Dinge),Zucker,sugar,,šećera,[stschetstschera]
Substantiv (400 Dinge),Vorschlag,suggestion,,prijedlog,[prijedlog]
Substantiv (400 Dinge),Sommer,summer,,ljeto,[ljeto]
Substantiv (200 bildh.),Sonne,sun,,sunce,[suntse]
Substantiv (400 Dinge),Unterstützung,support,,podrška,[podrstschka]
Substantiv (400 Dinge),Überraschung,surprise,,iznenađenje,[iznenadstschenje]
Adjektiv (100 allg.),süß,sweet,,slatko,[slatko]
Substantiv (400 Dinge),schwimmen,swim,,plivati,[plivati]
Substantiv (400 Dinge),System,system,,sustav,[sustav]
Substantiv (200 bildh.),Tisch,table,,stol,[stol]
Substantiv (200 bildh.),Schwanz,tail,,rep,[rep]
Verb,nehmen,take,,uzeti,[uzeti]
Substantiv (400 Dinge),reden,talk,,pričati,[pritstschati]
Adjektiv (100 allg.),groß,tall,,visoka,[visoka]
Substantiv (400 Dinge),Geschmack,taste,,okusiti,[okusiti]
Substantiv (400 Dinge),Steuer,tax,,porez,[porez]
Substantiv (400 Dinge),Unterrichten,teaching,,nastava,[nastava]
Substantiv (400 Dinge),Tendenz,tendency,,sklonost,[sklonost]
Substantiv (400 Dinge),testen,test,,test,[test]
Partikel / Präposition,als,than,,nego,[nego]
Partikel / Präposition,das,that,,taj,[taj]
Partikel / Präposition,die,the,,the,[tche]
Partikel / Präposition,dann,then,,zatim,[zatim]
Substantiv (400 Dinge),Theorie,theory,,teorija,[teorija]
Partikel / Präposition,dort,there,,tamo,[tamo]
Adjektiv (100 allg.),dick,thick,,gusta,[gusta]
Adjektiv (50 Gegensätze),dünn,thin,,tanak,[tanak]
Substantiv (400 Dinge),Sache,thing,,stvar,[stvar]
Partikel / Präposition,dies,this,,ovo,[ovo]
Partikel / Präposition,allerdings,though,,ipak,[ipak]
Substantiv (400 Dinge),dachte,thought,,misao,[misao]
Substantiv (200 bildh.),Thread,thread,,nit,[nit]
Substantiv (200 bildh.),Hals,throat,,grlo,[grlo]
Partikel / Präposition,durch,through,,kroz,[kroz]
Substantiv (200 bildh.),Daumen,thumb,,palac,[palats]
Substantiv (400 Dinge),Donner,thunder,,grmljavina,[grmljavina]
Substantiv (200 bildh.),Fahrkarte,ticket,,ulaznica,[ulaznitsa]
Adjektiv (100 allg.),eng,tight,,tijesno,[tijesno]
Partikel / Präposition,bis,till,,do,[do]
Substantiv (400 Dinge),Zeit,time,,vremena,[vremena]
Substantiv (400 Dinge),Zinn,tin,,kositra,[kositra]
Adjektiv (100 allg.),müde,tired,,umoran,[umoran]
Partikel / Präposition,zu,to,,do,[do]
Substantiv (200 bildh.),Zehe,toe,,nožni prst,[noschni prst]
Partikel / Präposition,zusammen,together,,zajedno,[zajedno]
Partikel / Präposition,morgen,tomorrow,,sutra,[sutra]
Substantiv (200 bildh.),Zunge,tongue,,jezikom,[jezikom]
Substantiv (200 bildh.),Zahn,tooth,,zub,[zub]
Substantiv (400 Dinge),oben,top,,vrh,[vrch]
Substantiv (400 Dinge),berühren,touch,,dodirnuti,[dodirnuti]
Substantiv (200 bildh.),Stadt,town,,grad,[grad]
Substantiv (400 Dinge),Handel,trade,,trgovina,[trgovina]
Substantiv (200 bildh.),Zug,train,,vlakom,[vlakom]
Substantiv (400 Dinge),Transport,transport,,prijevoz,[prijevoz]
Substantiv (200 bildh.),Tablett,tray,,poslužavnik,[posluschavnik]
Substantiv (200 bildh.),Baum,tree,,drvo,[drvo]
Substantiv (400 Dinge),Trick,trick,,trik,[trik]
Substantiv (400 Dinge),Ärger,trouble,,nevolja,[nevolja]
Substantiv (200 bildh.),Hosen,trousers,,hlače,[chlatstsche]
Adjektiv (100 allg.),wahr,true,,istina,[istina]
Substantiv (400 Dinge),drehen,turn,,okrenuti se,[okrenuti se]
Substantiv (400 Dinge),verdrehen,twist,,uvijanje,[uvijanje]
Substantiv (200 bildh.),Regenschirm,umbrella,,kišobran,[kistschobran]
Partikel / Präposition,unter,under,,pod,[pod]
Substantiv (400 Dinge),Einheit,unit,,jedinica,[jedinitsa]
Partikel / Präposition,auf,up,,gore,[gore]
Substantiv (400 Dinge),verwenden,use,,korištenje,[koristschtenje]
Substantiv (400 Dinge),Wert,value,,vrijednost,[vrijednost]
Substantiv (400 Dinge),Vers,verse,,stih,[stich]
Partikel / Präposition,sehr,very,,jako,[jako]
Substantiv (400 Dinge),Schiff,vessel,,plovilo,[plovilo]
Substantiv (400 Dinge),Ansicht,view,,pogled,[pogled]
Adjektiv (100 allg.),gewalttätig,violent,,nasilan,[nasilan]
Substantiv (400 Dinge),Stimme,voice,,glas,[glas]
Adjektiv (100 allg.),warten,waiting,,čekajući,[tstschekajutstschi]
Substantiv (400 Dinge),gehen,walk,,hodati,[chodati]
Substantiv (200 bildh.),Wand,wall,,zid,[zid]
Substantiv (400 Dinge),Krieg,war,,rata,[rata]
Adjektiv (100 allg.),warm,warm,,toplo,[toplo]
Substantiv (400 Dinge),waschen,wash,,oprati,[oprati]
Substantiv (400 Dinge),Verschwendung,waste,,otpad,[otpad]
Substantiv (200 bildh.),schau,watch,,gledati,[gledati]
Substantiv (400 Dinge),Wasser,water,,vodu,[vodu]
Substantiv (400 Dinge),Welle,wave,,talasati,[talasati]
Substantiv (400 Dinge),Wachs,wax,,vosak,[vosak]
Substantiv (400 Dinge),Weg,way,,put,[put]
Substantiv (400 Dinge),Wetter,weather,,vrijeme,[vrijeme]
Substantiv (400 Dinge),Woche,week,,tjedan,[tjedan]
Substantiv (400 Dinge),Gewicht,weight,,težina,[teschina]
Partikel / Präposition,Na ja,well,,dobro,[dobro]
Partikel / Präposition,Westen,west,,zapad,[zapad]
Adjektiv (100 allg.),nass,wet,,mokri,[mokri]
Substantiv (200 bildh.),Rad,wheel,,kotač,[kotatstsch]
Partikel / Präposition,wann,when,,kada,[kada]
Partikel / Präposition,wo,where,,gdje,[gdje]
Partikel / Präposition,während,while,,dok je,[dok je]
Substantiv (200 bildh.),Peitsche,whip,,bičem,[bitstschem]
Substantiv (200 bildh.),Pfeife,whistle,,zviždati,[zvischdati]
Adjektiv (50 Gegensätze),weiß,white,,bijela,[bijela]
Partikel / Präposition,wer,who,,tko,[tko]
Partikel / Präposition,warum,why,,zašto,[zastschto]
Adjektiv (100 allg.),breit,wide,,široka,[stschiroka]
Verb,wird,will,,volja,[volja]
Substantiv (400 Dinge),Wind,wind,,vjetar,[vjetar]
Substantiv (200 bildh.),Fenster,window,,prozor,[prozor]
Substantiv (400 Dinge),Wein,wine,,vina,[vina]
Substantiv (200 bildh.),Flügel,wing,,krilo,[krilo]
Substantiv (400 Dinge),Winter,winter,,zima,[zima]
Substantiv (200 bildh.),Draht,wire,,žica,[schitsa]
Adjektiv (100 allg.),weise,wise,,mudar,[mudar]
Partikel / Präposition,mit,with,,sa,[sa]
Substantiv (400 Dinge),Frau,woman,,žena,[schena]
Substantiv (400 Dinge),Holz,wood,,drvo,[drvo]
Substantiv (400 Dinge),Wolle,wool,,vuna,[vuna]
Substantiv (400 Dinge),Wort,word,,riječ,[rijetstsch]
Substantiv (400 Dinge),Arbeit,work,,raditi,[raditi]
Substantiv (200 bildh.),Wurm,worm,,crv,[tsrv]
Substantiv (400 Dinge),Wunde,wound,,rana,[rana]
Substantiv (400 Dinge),Schreiben,writing,,pisanje,[pisanje]
Adjektiv (50 Gegensätze),falsch,wrong,,pogrešno,[pogrestschno]
Substantiv (400 Dinge),Jahr,year,,godine,[godine]
Adjektiv (100 allg.),gelb,yellow,,žuti,[schuti]
Partikel / Präposition,ja,yes,,da,[da]
Partikel / Präposition,gestern,yesterday,,jučer,[jutstscher]
Partikel / Präposition,Du,you,,tebe,[tebe]
Adjektiv (100 allg.),jung,young,,mlada,[mlada]
